"","OGHBC_GHBC","OGHBC_O","GHBC_HBC","GHBC_gorilla","HBC_BC","HBC_human","BC_bonobo","BC_chimp","O_sorang","O_borang","p","corrected.p"
"ca",-0.0217888124654967,-0.0302959881425087,-0.0242489814115997,-0.0177668144774793,-0.0127721415568721,-0.0270971883127023,-0.00624490958690568,-0.0200857279163585,-0.0242899206872341,-0.0204177262494111,6.69766031358927e-06,4.01859618815356e-05
"cg",-0.0153156424349482,-0.016067465837197,-0.0176223431460063,-0.019970426200964,-0.0223975709047989,-0.0205845746076679,-0.0243302854186473,-0.0247748970211142,-0.0182430458299288,-0.0188734332580132,1.23324338378922e-08,7.39946030273531e-08
"ct",0.0368861369572157,0.0204203308478489,0.0346124551284753,0.0255505214856006,0.0271216190993369,0.00924693837577384,0.0247757129136372,0.00457707282771891,-0.00194873189018907,0.00186375042380577,0.00242670102171724,0.0145602061303035
"ta",-0.0209285597112027,-0.019078544696857,-0.0201038581849109,-0.0101447987926452,-0.0154285173491626,-0.0112134845778936,-0.00529883547229454,-0.00793322264537893,-0.0187136783094842,-0.0189618078982634,1.7321450601949e-05,0.000103928703611694
"tc",0.033258160357251,0.0499016045301951,0.0394109714469606,0.0281407333743569,0.0314189755815127,0.052783030951978,0.018497197400919,0.0534970557294934,0.0663701755071607,0.0622855510032539,1.07738137502527e-05,6.46428825015162e-05
"tg",-0.012111282702819,-0.00487993670148142,-0.0120482438329189,-0.00580921538886908,-0.00794236487001601,-0.00313472182948793,-0.00739887983670864,-0.00528028097436072,-0.00317479879032453,-0.00589633402137194,8.83616381340386e-05,0.000530169828804231
